rank,brand,model,url,listings,page_title,decision
1,chevrolet,gentra,https://avtoelon.uz/avto/chevrolet/gentra/,4452,Chevrolet Gentra цена: купить Шевроле Gentra в Узбекистане - Avtoelon.uz,drop: excluded by request (already collected)
2,chevrolet,lacetti,https://avtoelon.uz/avto/chevrolet/lacetti/,4452,Купить Шевроле Лачетти: цены машин Chevrolet Lacetti в Узбекистане — Avtoelon.uz,drop: same car as an excluded class ('gentra' — alias or badge twin); scraping it would re-collect those images
3,daewoo,lacetti,https://avtoelon.uz/avto/daewoo/lacetti/,4452,Daewoo Lacetti цена: купить Дэу Лачетти в Узбекистане - Avtoelon.uz,drop: same car as an excluded class ('gentra' — alias or badge twin); scraping it would re-collect those images
4,chevrolet,cobalt,https://avtoelon.uz/avto/chevrolet/cobalt/,2964,Chevrolet Cobalt в Узбекистане: Купить Шевроле Кобальт — Avtoelon.uz,drop: excluded by request (already collected)
5,chevrolet,damas,https://avtoelon.uz/avto/chevrolet/damas/,2307,Шевроле Дамас цена: купить Chevrolet Damas в Узбекистане — Avtoelon.uz,drop: excluded by request (already collected)
6,daewoo,damas,https://avtoelon.uz/avto/daewoo/damas/,2307,Daewoo Damas цена: купить Дэу Дамас в Узбекистане - Avtoelon.uz,drop: same car as an excluded class ('damas' — alias or badge twin); scraping it would re-collect those images
7,chevrolet,spark,https://avtoelon.uz/avto/chevrolet/spark/,2232,Купить автомобиль Chevrolet Spark в Узбекистане — Avtoelon.uz,drop: excluded by request (already collected)
8,chevrolet,matiz,https://avtoelon.uz/avto/chevrolet/matiz/,1939,Chevrolet Matiz цена: купить Шевроле Матиз в Узбекистане — Avtoelon.uz,keep
9,daewoo,matiz,https://avtoelon.uz/avto/daewoo/matiz/,1939,Daewoo Matiz (Standart) цена: купить Дэу Матиз (Стандарт) в Узбекистане - Avtoelon.uz,"drop: brand twin of chevrolet/matiz (1939) (same body, lower volume: 1939)"
10,daewoo,matiz-best,https://avtoelon.uz/avto/daewoo/matiz-best/,1939,Daewoo Matiz Best цена: купить Дэу Матиз Бест в Узбекистане - Avtoelon.uz,drop: same listing pool as matiz (site aliases the family; verified by identical count + first-page IDs)
11,chevrolet,nexia2,https://avtoelon.uz/avto/chevrolet/nexia2/,1784,Chevrolet Nexia 2 цена: купить 🚘 Шевроле Нексия 2 в Узбекистане — Avtoelon.uz,keep
12,chevrolet,nexia3,https://avtoelon.uz/avto/chevrolet/nexia3/,1670,Chevrolet Nexia 3 цена: купить Шевроле Нексия 3 в Узбекистане — Avtoelon.uz,drop: excluded by request (already collected)
13,daewoo,nexia,https://avtoelon.uz/avto/daewoo/nexia/,997,Daewoo Nexia цена: купить Дэу Нексия в Узбекистане - Avtoelon.uz,keep
14,chevrolet,tracker-2,https://avtoelon.uz/avto/chevrolet/tracker-2/,923,Купить Chevrolet Tracker 2 в Узбекистане - Avtoelon.uz,keep
15,chevrolet,labo,https://avtoelon.uz/avto/chevrolet/labo/,872,Шевроле Лабо цена: купить Chevrolet Labo в Узбекистане — Avtoelon.uz,keep
16,daewoo,labo,https://avtoelon.uz/avto/daewoo/labo/,872,Купить Daewoo Labo: Дэу Лабо машина в Узбекистане - Avtoelon.uz,"drop: brand twin of chevrolet/labo (872) (same body, lower volume: 872)"
17,chevrolet,captiva,https://avtoelon.uz/avto/chevrolet/captiva/,661,Chevrolet Captiva купить: цена на Шевроле Каптиву бу в Узбекистане — Avtoelon.uz,keep
18,chevrolet,malibu2,https://avtoelon.uz/avto/chevrolet/malibu2/,596,Шевроле Малибу 2 цена: купить авто Chevrolet Malibu 2 в Узбекистане — Avtoelon.uz,keep
19,chevrolet,onix,https://avtoelon.uz/avto/chevrolet/onix/,509,Chevrolet Onix цена: купить Шевроле Оникс в Узбекистане - Avtoelon.uz,keep
20,vaz,2106,https://avtoelon.uz/avto/vaz/2106/,440,ВАЗ 2106 цена: Жигули 06 в Узбекистане — Avtoelon.uz,keep
21,daewoo,tico,https://avtoelon.uz/avto/daewoo/tico/,347,Daewoo Tico цена: купить Дэу Тико в Узбекистане - Avtoelon.uz,keep
22,chevrolet,tracker,https://avtoelon.uz/avto/chevrolet/tracker/,298,Купить Chevrolet Tracker в Узбекистане: Шевроле Трекер цена на Avtoelon.uz,keep
23,vaz,2107,https://avtoelon.uz/avto/vaz/2107/,294,ВАЗ 2107 цена: Купить Lada 2107 в Узбекистане — Avtoelon.uz,keep
24,chevrolet,malibu,https://avtoelon.uz/avto/chevrolet/malibu/,257,Авто Chevrolet Malibu: купить машину Шевроле Малибу в Узбекистане — Avtoelon.uz,keep
25,chevrolet,equinox,https://avtoelon.uz/avto/chevrolet/equinox/,223,Шевроле Эквинокс цена: купить Chevrolet Equinox в Узбекистане — Avtoelon.uz,keep
26,kia,k-5,https://avtoelon.uz/avto/kia/k-5/,203,Kia K5 цена: купить Киа Ка 5 в Узбекистане - Avtoelon.uz,keep
27,kia,sonet,https://avtoelon.uz/avto/kia/sonet/,161,KIA Sonet: цены на Киа Узбекистане - Avtoelon.uz,keep
28,vaz,vesta,https://avtoelon.uz/avto/vaz/vesta/,160,Купить Lada Vesta: Лада Веста цены в Узбекистане — Avtoelon.uz,keep
29,chevrolet,monza,https://avtoelon.uz/avto/chevrolet/monza/,156,Chevrolet Monza цена: купить Шевроле Монца в Узбекистане - Avtoelon.uz,keep
30,chevrolet,epica,https://avtoelon.uz/avto/chevrolet/epica/,148,Купить Шевроле Эпика: цены на Chevrolet Epica в Узбекистане — Avtoelon.uz,keep
31,vaz,2121,https://avtoelon.uz/avto/vaz/2121/,127,Нива (ВАЗ) 2121 цена: Купить автомобиль Niva 2121 в Узбекистане — Avtoelon.uz,keep
32,byd,chazor,https://avtoelon.uz/avto/byd/chazor/,118,BYD Chazor купить в Узбекистане - Avtoelon.uz,keep
33,kia,sorento,https://avtoelon.uz/avto/kia/sorento/,116,Авто Kia Sorento: купить Киа Соренто бу и новые в Узбекистане - Avtoelon.uz,keep
34,chery,tiggo-7-pro,https://avtoelon.uz/avto/chery/tiggo-7-pro/,112,Chery Tiggo 7 Pro цена: купить Чери Tiggo 7 Pro в Узбекистане - Avtoelon.uz,keep
35,chery,arrizo-6-pro,https://avtoelon.uz/avto/chery/arrizo-6-pro/,104,Chery Arrizo 6 Pro цена: купить Чери Arrizo 6 Pro в Узбекистане - Avtoelon.uz,keep
36,byd,song-plus-dm-i-champion,https://avtoelon.uz/avto/byd/song-plus-dm-i-champion/,102,BYD Song Plus DM-i Champion цена: купить БИД Song Plus DM-i Champion в Узбекистане - Avtoelon.uz,keep
37,vaz,lada-r90,https://avtoelon.uz/avto/vaz/lada-r90/,100,Цена на автомобиль Lada Largus в Узбекистане — Avtoelon.uz,keep
38,kia,sportage,https://avtoelon.uz/avto/kia/sportage/,99,Машины Kia Sportage: цена Киа Спортейдж в Узбекистане - Avtoelon.uz,drop: below volume floor (99 < 100)
39,chevrolet,orlando,https://avtoelon.uz/avto/chevrolet/orlando/,94,Chevrolet Orlando цена: купить автомобиль Шевроле Орландо в Узбекистане — Avtoelon.uz,drop: below volume floor (94 < 100)
40,kia,carnival,https://avtoelon.uz/avto/kia/carnival/,76,Kia Carnival цена: купить машину Киа Карнивал в Узбекистане - Avtoelon.uz,drop: below volume floor (76 < 100)
41,hyundai,santa-fe,https://avtoelon.uz/avto/hyundai/santa-fe/,73,Купить автомобиль Hyundai Santa Fe в Узбекистане на Avtoelon.uz,drop: below volume floor (73 < 100)
42,changan,star-truck,https://avtoelon.uz/avto/changan/star-truck/,72,Changan Star Truck цена: Чанган Стар Трэк в Узбекистане - Avtoelon.uz,drop: below volume floor (72 < 100)
43,hyundai,sonata,https://avtoelon.uz/avto/hyundai/sonata/,70,Hyundai Sonata цена: купить Хендай Соната в Узбекистане - Avtoelon.uz,drop: below volume floor (70 < 100)
44,vaz,lada-kalina,https://avtoelon.uz/avto/vaz/lada-kalina/,70,Купить Lada Kalina: цены на машины Лада Калина в Узбекистане — Avtoelon.uz,drop: below volume floor (70 < 100)
45,hyundai,tucson,https://avtoelon.uz/avto/hyundai/tucson/,67,Hyundai Tucson цена: купить автомобиль Хендай Туссан в Узбекистане - Avtoelon.uz,drop: below volume floor (67 < 100)
46,leapmotor,c16,https://avtoelon.uz/avto/leapmotor/c16/,66,Leapmotor C16 цена: купить Leapmotor C16 в Узбекистане - Avtoelon.uz,drop: below volume floor (66 < 100)
47,gaz,3110,https://avtoelon.uz/avto/gaz/3110/,66,Купить машину ГАЗ 3110 (Волга) в Узбекистане - Avtoelon.uz,drop: below volume floor (66 < 100)
48,vaz,xray,https://avtoelon.uz/avto/vaz/xray/,65,Купить Лада xray: Цена на Lada XRAY в Узбекистане — Avtoelon.uz,drop: below volume floor (65 < 100)
49,byd,song-plus-ev-champion,https://avtoelon.uz/avto/byd/song-plus-ev-champion/,63,BYD Song Plus EV Champion цена: купить БИД Song Plus EV Champion в Узбекистане - Avtoelon.uz,drop: below volume floor (63 < 100)
50,li,l9,https://avtoelon.uz/avto/li/l9/,63,LI L9 цена: купить LiXiang L9 в Узбекистане - Avtoelon.uz,drop: below volume floor (63 < 100)
51,vaz,2115,https://avtoelon.uz/avto/vaz/2115/,63,ВАЗ 2115 цены: Купить Lada Samara 2115 в Узбекистане — Avtoelon.uz,drop: below volume floor (63 < 100)
52,dong-feng,ep-008,https://avtoelon.uz/avto/dong-feng/ep-008/,61,Dong Feng EP 008 цена: купить Донг Фенг EP 008 в Узбекистане - Avtoelon.uz,drop: below volume floor (61 < 100)
53,gac,aion-i60,https://avtoelon.uz/avto/gac/aion-i60/,60,GAC Aion i60 цена: купить Джи Эй Си Aion I60 в Узбекистане - Avtoelon.uz,drop: below volume floor (60 < 100)
54,kia,seltos,https://avtoelon.uz/avto/kia/seltos/,59,Kia Seltos цена: купить Киа Селтос в Узбекистане - Avtoelon.uz,drop: below volume floor (59 < 100)
55,haval,jolion,https://avtoelon.uz/avto/haval/jolion/,58,Haval Jolion цена: купить Хавал Jolion в Узбекистане - Avtoelon.uz,drop: below volume floor (58 < 100)
56,chevrolet,traverse,https://avtoelon.uz/avto/chevrolet/traverse/,56,Chevrolet Traverse цена: купить Шевроле Траверс в Узбекистане - Avtoelon.uz,drop: below volume floor (56 < 100)
57,vaz,lada-priora,https://avtoelon.uz/avto/vaz/lada-priora/,56,Автомобиль Лада Приора купить: машина Lada Priora цена в Узбекистане — Avtoelon.uz,drop: below volume floor (56 < 100)
58,moskvich,412,https://avtoelon.uz/avto/moskvich/412/,55,Москвич 412 цена: купить автомобиль Moskvich 412 в Узбекистане - Avtoelon.uz,drop: below volume floor (55 < 100)
59,vaz,2101,https://avtoelon.uz/avto/vaz/2101/,54,ВАЗ 2101 цена: Жигули 01 в Узбекистане - Avtoelon.uz,drop: below volume floor (54 < 100)
